{
    "accuracy": 98.02690582959642,
    "precision": 97.74436090225564,
    "recall": 87.24832214765101,
    "f1_score": 92.19858156028369
}